[
  {
    "id": 1,
    "name": "Laptop",
    "detail": "High-performance laptop with SSD and powerful processor",
    "price": 999.99,
    "instock": true
  },
  {
    "id": 2,
    "name": "Smartphone",
    "detail": "Latest model with advanced camera and fast processor",
    "price": 599.99,
    "instock": true
  },
  {
    "id": 3,
    "name": "Headphones",
    "detail": "Wireless over-ear headphones with noise-canceling feature",
    "price": 149.99,
    "instock": true
  },
  {
    "id": 4,
    "name": "Smartwatch",
    "detail": "Fitness tracker with heart rate monitor and sleep tracking",
    "price": 129.99,
    "instock": true
  },
  {
    "id": 5,
    "name": "TV",
    "detail": "4K UHD Smart TV with HDR support",
    "price": 799.99,
    "instock": false
  },
  {
    "id": 6,
    "name": "Gaming Console",
    "detail": "Next-gen gaming console with immersive gaming experience",
    "price": 449.99,
    "instock": true
  },
  {
    "id": 7,
    "name": "Digital Camera",
    "detail": "Mirrorless camera with high-resolution sensor and 4K video",
    "price": 699.99,
    "instock": true
  },
  {
    "id": 8,
    "name": "Bluetooth Speaker",
    "detail": "Portable speaker with waterproof design and long battery life",
    "price": 79.99,
    "instock": true
  },
  {
    "id": 9,
    "name": "Coffee Maker",
    "detail": "Programmable coffee maker with built-in grinder",
    "price": 129.99,
    "instock": false
  },
  {
    "id": 10,
    "name": "External Hard Drive",
    "detail": "High-capacity external storage for backup and data transfer",
    "price": 119.99,
    "instock": true
  }
]
